{
  "description": "项目配置文件",
  "packOptions": {
    "ignore": []
  },
  "setting": {
    "urlCheck": false,
    "es6": true,
    "enhance": false,
    "postcss": true,
    "preloadBackgroundData": false,
    "minified": true,
    "newFeature": true,
    "coverView": true,
    "nodeModules": false,
    "autoAudits": false,
    "showShadowRootInWxmlPanel": true,
    "scopeDataCheck": false,
    "uglifyFileName": false,
    "checkInvalidKey": true,
    "checkSiteMap": true,
    "uploadWithSourceMap": true,
    "compileHotReLoad": false,
    "useMultiFrameRuntime": true,
    "useApiHook": true,
    "babelSetting": {
      "ignore": [],
      "disablePlugins": [],
      "outputPath": ""
    },
    "enableEngineNative": false,
    "bundle": false,
    "useIsolateContext": true,
    "useCompilerModule": false,
    "userConfirmedUseCompilerModuleSwitch": false,
    "userConfirmedBundleSwitch": false,
    "packNpmManually": false,
    "packNpmRelationList": [],
    "minifyWXSS": true,
    "useApiHostProcess": false
  },
  "compileType": "miniprogram",
  "libVersion": "2.16.0",
  "appid": "wxc3b7d07277031090",
  "projectname": "shopping",
  "debugOptions": {
    "hidedInDevtools": []
  },
  "isGameTourist": false,
  "simulatorType": "wechat",
  "simulatorPluginLibVersion": {},
  "condition": {
    "plugin": {
      "list": []
    },
    "game": {
      "list": []
    },
    "gamePlugin": {
      "list": []
    },
    "miniprogram": {
      "list": [
        {
          "name": "pages/sort/sort",
          "pathName": "pages/sort/sort",
          "query": "",
          "scene": null
        },
        {
          "name": "pages/main/main",
          "pathName": "pages/main/main",
          "query": "",
          "scene": null
        },
        {
          "name": "pages/goodsinfo/goodsinfo",
          "pathName": "pages/goodsinfo/goodsinfo",
          "query": "",
          "scene": null
        },
        {
          "name": "pages/order/order",
          "pathName": "pages/order/order",
          "query": "",
          "scene": null
        },
        {
          "name": "pages/orderinfo/orderinfo",
          "pathName": "pages/orderinfo/orderinfo",
          "query": "",
          "scene": null
        },
        {
          "name": "pages/notice/notice",
          "pathName": "pages/notice/notice",
          "query": "",
          "scene": null
        },
        {
          "name": "pages/notice/notice",
          "pathName": "pages/notice/notice",
          "query": "",
          "scene": null
        },
        {
          "name": "pages/index/index",
          "pathName": "pages/index/index",
          "query": "",
          "scene": null
        }
      ]
    }
  }
}