{
  "condition": {
    "plugin": {
      "list": []
    },
    "game": {
      "list": []
    },
    "gamePlugin": {
      "list": []
    },
    "miniprogram": {
      "list": [
        {
          "name": "pages/sort/sort",
          "pathName": "pages/sort/sort",
          "query": "",
          "scene": null
        },
        {
          "name": "pages/main/main",
          "pathName": "pages/main/main",
          "query": "",
          "scene": null
        },
        {
          "name": "pages/goodsinfo/goodsinfo",
          "pathName": "pages/goodsinfo/goodsinfo",
          "query": "",
          "scene": null
        },
        {
          "name": "pages/order/order",
          "pathName": "pages/order/order",
          "query": "",
          "scene": null
        },
        {
          "name": "pages/orderinfo/orderinfo",
          "pathName": "pages/orderinfo/orderinfo",
          "query": "",
          "scene": null
        },
        {
          "name": "pages/notice/notice",
          "pathName": "pages/notice/notice",
          "query": "",
          "scene": null
        },
        {
          "name": "pages/notice/notice",
          "pathName": "pages/notice/notice",
          "query": "",
          "scene": null
        },
        {
          "name": "pages/index/index",
          "pathName": "pages/index/index",
          "query": "",
          "scene": null
        },
        {
          "name": "pages/login/login",
          "pathName": "pages/login/login",
          "scene": null
        }
      ]
    }
  }
}