{
  "description": "项目配置文件",
  "packOptions": {
    "ignore": []
  },
  "setting": {
    "urlCheck": false,
    "es6": true,
    "enhance": false,
    "postcss": true,
    "preloadBackgroundData": false,
    "minified": true,
    "newFeature": false,
    "coverView": true,
    "nodeModules": false,
    "autoAudits": false,
    "showShadowRootInWxmlPanel": true,
    "scopeDataCheck": false,
    "uglifyFileName": false,
    "checkInvalidKey": true,
    "checkSiteMap": true,
    "uploadWithSourceMap": true,
    "compileHotReLoad": false,
    "useMultiFrameRuntime": true,
    "useApiHook": true,
    "useApiHostProcess": false,
    "babelSetting": {
      "ignore": [],
      "disablePlugins": [],
      "outputPath": ""
    },
    "enableEngineNative": false,
    "bundle": false,
    "useIsolateContext": true,
    "useCompilerModule": true,
    "userConfirmedUseCompilerModuleSwitch": false,
    "userConfirmedBundleSwitch": false,
    "packNpmManually": false,
    "packNpmRelationList": [],
    "minifyWXSS": true
  },
  "compileType": "miniprogram",
  "libVersion": "2.11.3",
  "appid": "wx679657fa5f73ff6d",
  "projectname": "fixed",
  "debugOptions": {
    "hidedInDevtools": []
  },
  "isGameTourist": false,
  "simulatorType": "wechat",
  "simulatorPluginLibVersion": {},
  "condition": {
    "plugin": {
      "list": []
    },
    "game": {
      "list": []
    },
    "gamePlugin": {
      "list": []
    },
    "miniprogram": {
      "list": [
        {
          "name": "pages/createorder/createorder",
          "pathName": "pages/createorder/createorder",
          "query": "",
          "scene": null
        },
        {
          "name": "pages/search/search",
          "pathName": "pages/search/search",
          "query": "",
          "scene": null
        },
        {
          "name": "pages/main/main",
          "pathName": "pages/main/main",
          "query": "",
          "scene": null
        },
        {
          "name": "pages/index/index",
          "pathName": "pages/index/index",
          "query": "",
          "scene": null
        },
        {
          "name": "pages/personalinfo/personalinfo",
          "pathName": "pages/personalinfo/personalinfo",
          "query": "",
          "scene": null
        },
        {
          "name": "pages/changeperinfo/changeperinfo",
          "pathName": "pages/changeperinfo/changeperinfo",
          "query": "",
          "scene": null
        },
        {
          "name": "pages/changeperinfo/changeperinfo",
          "pathName": "pages/changeperinfo/changeperinfo",
          "query": "",
          "scene": null
        },
        {
          "name": "pages/personalverify/personalverify",
          "pathName": "pages/personalverify/personalverify",
          "query": "",
          "scene": null
        },
        {
          "name": "pages/projectdetail/projectdetail",
          "pathName": "pages/projectdetail/projectdetail",
          "query": "",
          "scene": null
        },
        {
          "name": "pages/orderlist/orderlist",
          "pathName": "pages/orderlist/orderlist",
          "query": "",
          "scene": null
        },
        {
          "name": "pages/orderstatus/orderstatus",
          "pathName": "pages/orderstatus/orderstatus",
          "query": "",
          "scene": null
        },
        {
          "name": "pages/orderdetail/orderdetail",
          "pathName": "pages/orderdetail/orderdetail",
          "scene": null
        }
      ]
    }
  }
}